{
  "version": 1,
  "author": "Camilly Duarte",
  "editor": "wokwi",
  "parts": [
    {
      "type": "board-pi-pico-w",
      "id": "pico",
      "top": 25.55,
      "left": 89.95,
      "attrs": { "builder": "pico-sdk" }
    },
    {
      "type": "wokwi-resistor",
      "id": "r1",
      "top": 167.45,
      "left": -1.4,
      "rotate": 180,
      "attrs": { "value": "220" }
    },
    {
      "type": "wokwi-led",
      "id": "led1",
      "top": 130.8,
      "left": -53.8,
      "attrs": { "color": "blue", "flip": "" }
    },
    {
      "type": "wokwi-resistor",
      "id": "r2",
      "top": 177.05,
      "left": -1.4,
      "rotate": 180,
      "attrs": { "value": "220" }
    },
    {
      "type": "wokwi-led",
      "id": "led2",
      "top": 169.2,
      "left": -53.8,
      "attrs": { "color": "red", "flip": "" }
    },
    {
      "type": "wokwi-resistor",
      "id": "r3",
      "top": 215.45,
      "left": -1.4,
      "rotate": 180,
      "attrs": { "value": "220" }
    },
    {
      "type": "wokwi-led",
      "id": "led3",
      "top": 207.6,
      "left": -53.8,
      "attrs": { "color": "green", "flip": "" }
    },
    {
      "type": "wokwi-pushbutton",
      "id": "btn1",
      "top": 92.6,
      "left": 220.8,
      "attrs": { "color": "green", "bounce": "1" }
    },
    {
      "type": "wokwi-resistor",
      "id": "r4",
      "top": 196.8,
      "left": 258.65,
      "rotate": 90,
      "attrs": { "value": "10000" }
    },
    {
      "type": "wokwi-pushbutton",
      "id": "btn2",
      "top": 92.6,
      "left": 316.8,
      "attrs": { "color": "green", "bounce": "1" }
    },
    {
      "type": "wokwi-resistor",
      "id": "r5",
      "top": 196.8,
      "left": 354.65,
      "rotate": 90,
      "attrs": { "value": "10000" }
    },
    {
      "type": "wokwi-resistor",
      "id": "r6",
      "top": 215.45,
      "left": 181,
      "rotate": 180,
      "attrs": { "value": "1000" }
    }
  ],
  "connections": [
    [ "pico:GP0", "$serialMonitor:RX", "", [] ],
    [ "pico:GP1", "$serialMonitor:TX", "", [] ],
    [ "r1:2", "led1:A", "green", [ "v0" ] ],
    [ "pico:GP11", "r1:1", "green", [ "h0" ] ],
    [ "r2:2", "led2:A", "green", [ "v0" ] ],
    [ "r3:2", "led3:A", "green", [ "v0" ] ],
    [ "pico:GP12", "r2:1", "green", [ "h-28.8", "v9.64" ] ],
    [ "pico:GP13", "r3:1", "green", [ "h-38.4", "v0.04" ] ],
    [ "led3:C", "led2:C", "black", [ "v0", "h-9.2", "v-38.4" ] ],
    [ "led1:C", "led2:C", "black", [ "v0", "h-9.2", "v38.4" ] ],
    [ "btn1:2.l", "btn1:2.r", "gold", [ "h0", "v19.4", "h67.2" ] ],
    [ "btn1:1.l", "btn1:1.r", "blue", [ "h0", "v-19.2", "h67.2" ] ],
    [ "r4:1", "btn1:2.r", "gold", [ "h0" ] ],
    [ "btn2:2.l", "btn2:2.r", "gold", [ "h0", "v19.4", "h67.2" ] ],
    [ "btn2:1.l", "btn2:1.r", "blue", [ "h0", "v-19.2", "h67.2" ] ],
    [ "r5:1", "btn2:2.r", "gold", [ "h0" ] ],
    [ "pico:GP5", "btn1:2.l", "gold", [ "h-28.8", "v-96", "h124.8", "v124.8", "h9.6" ] ],
    [ "pico:GP6", "btn2:2.l", "gold", [ "h-48", "v-134.4", "h259.2", "v144" ] ],
    [ "btn1:1.l", "btn2:1.r", "blue", [ "h0", "v-19.2", "h163.2" ] ],
    [ "r5:2", "r4:2", "black", [ "v37.2", "h-96" ] ],
    [ "pico:GND.1", "led1:C", "black", [ "h-144", "v115.2" ] ],
    [ "r4:2", "led3:C", "black", [ "v37.2", "h-336", "v-19.2" ] ],
    [ "pico:3V3", "btn1:1.l", "green", [ "h0" ] ],
    [ "pico:GP16", "r6:2", "green", [ "v0" ] ],
    [ "pico:GND.5", "r6:1", "black", [ "h86.71", "v19.24" ] ],
    [ "pico:GP11", "r6:2", "green", [ "h-28.8", "v67.2", "h115.2" ] ]
  ],
  "dependencies": {}
}