{
  "version": 1,
  "author": "Camilly Duarte",
  "editor": "wokwi",
  "parts": [
    { "type": "wokwi-breadboard-half", "id": "bb1", "top": -12.6, "left": -74, "attrs": {} },
    {
      "type": "wokwi-pi-pico",
      "id": "pico",
      "top": -3.15,
      "left": -178.8,
      "attrs": { "env": "micropython-20231227-v1.22.0" }
    },
    {
      "type": "wokwi-led",
      "id": "led1",
      "top": 15.6,
      "left": 90.6,
      "attrs": { "color": "limegreen", "flip": "1" }
    },
    {
      "type": "wokwi-resistor",
      "id": "r1",
      "top": 100.8,
      "left": 85.85,
      "rotate": 90,
      "attrs": { "value": "150000" }
    },
    {
      "type": "wokwi-resistor",
      "id": "r2",
      "top": 148.8,
      "left": 9.05,
      "rotate": 90,
      "attrs": { "value": "1000" }
    },
    {
      "type": "wokwi-pushbutton-6mm",
      "id": "btn1",
      "top": 78.3,
      "left": 14.1,
      "rotate": 90,
      "attrs": { "color": "green" }
    }
  ],
  "connections": [
    [ "bb1:17t.d", "pico:GP21", "green", [ "v0" ] ],
    [ "bb1:bn.15", "bb1:18b.j", "black", [ "v0" ] ],
    [ "pico:3V3", "bb1:tp.4", "red", [ "h0" ] ],
    [ "pico:GND.5", "bb1:bn.14", "black", [ "h0" ] ],
    [ "r1:1", "bb1:18t.e", "", [ "$bb" ] ],
    [ "r1:2", "bb1:18b.i", "", [ "$bb" ] ],
    [ "pico:GP22", "bb1:10b.f", "green", [ "h0" ] ],
    [ "r2:1", "bb1:10b.h", "", [ "$bb" ] ],
    [ "r2:2", "bb1:bn.8", "", [ "$bb" ] ],
    [ "btn1:1.l", "bb1:10t.e", "", [ "$bb" ] ],
    [ "btn1:2.l", "bb1:8t.e", "", [ "$bb" ] ],
    [ "btn1:1.r", "bb1:10b.f", "", [ "$bb" ] ],
    [ "btn1:2.r", "bb1:8b.f", "", [ "$bb" ] ],
    [ "bb1:10t.d", "bb1:tp.8", "red", [ "v0" ] ],
    [ "led1:A", "bb1:17t.c", "", [ "$bb" ] ],
    [ "led1:C", "bb1:18t.c", "", [ "$bb" ] ]
  ],
  "dependencies": {}
}