{
  "version": 1,
  "editor": "wokwi",
  "parts": [
    {
      "type": "board-pi-pico-w",
      "id": "pico",
      "top": -60.85,
      "left": -44.45,
      "attrs": { "builder": "pico-sdk" }
    },
    {
      "type": "wokwi-resistor",
      "id": "r1",
      "top": 147.95,
      "left": 86.4,
      "attrs": { "value": "1000" }
    },
    { "type": "wokwi-led", "id": "led1", "top": 34.8, "left": 99.8, "attrs": { "color": "red" } },
    {
      "type": "wokwi-pushbutton",
      "id": "btn1",
      "top": -41.8,
      "left": -172.8,
      "attrs": { "color": "yellow", "bounce": "0", "key": "a" }
    },
    {
      "type": "wokwi-pushbutton",
      "id": "btn2",
      "top": 15.8,
      "left": -172.8,
      "attrs": { "color": "black", "bounce": "0", "key": "b" }
    }
  ],
  "connections": [
    [ "pico:GP0", "$serialMonitor:RX", "", [] ],
    [ "pico:GP1", "$serialMonitor:TX", "", [] ],
    [ "r1:1", "led1:C", "green", [ "v0" ] ],
    [ "btn1:1.r", "pico:GND.1", "black", [ "h29", "v9.6" ] ],
    [ "btn1:2.r", "pico:GP5", "green", [ "h0.2", "v19.4" ] ],
    [ "btn2:1.r", "pico:GND.3", "black", [ "h29", "v9.6" ] ],
    [ "btn2:2.r", "pico:GP6", "green", [ "h0" ] ],
    [ "pico:GP20", "led1:A", "green", [ "h96.31" ] ],
    [ "pico:GND.5", "r1:2", "black", [ "h125.11", "v9.64" ] ]
  ],
  "dependencies": {}
}